"","sound.files","selec","start","end"
"2","10027_44k.wav",1,17.96716002,19.40301579
"5","10027_44k.wav",2,50.12292857,51.64905425
"8","10027_44k.wav",3,5.220152867,6.670113306
"11","10028_44k.wav",1,42.12672276,43.77000027
"14","10028_44k.wav",5,112.2069649,114.1534301
"17","10028_44k.wav",6,17.91619614,19.83840637
"20","10029_44k.wav",1,8.026506259,9.379105172
"23","10029_44k.wav",2,44.30945119,45.72024798
"26","10029_44k.wav",3,37.84755022,39.24229242
"29","10030_44k.wav",1,85.19873493,86.64374907
"32","10030_44k.wav",3,6.996967065,8.222458403
"35","10030_44k.wav",4,64.02762412,65.32238236
"38","22965_44k.wav",1,34.30602899,35.65941473
"41","22965_44k.wav",2,13.21959848,14.57018508
"44","22965_44k.wav",3,21.36443697,22.72482057
"47","47702_44k.wav",1,57.8586407,59.34189877
"50","47702_44k.wav",2,86.98684386,88.45345688
"53","47702_44k.wav",3,70.56226348,72.70600767
"65","47707_44k.wav",1,176.2823748,178.0200141
"68","47707_44k.wav",2,145.2360942,146.956217
"71","47707_44k.wav",3,185.3710934,187.1753534
"74","50312_44k.wav",1,46.45474325,47.79103739
"77","50312_44k.wav",2,122.3465269,123.6789862
"80","50312_44k.wav",4,102.186243,103.5783202
"83","50314_44k.wav",1,19.31143355,20.67165255
"86","50314_44k.wav",2,28.30064366,29.65236129
"89","50314_44k.wav",3,66.73421701,68.14544423
"101","51226_44k.wav",1,92.26296562,93.81740609
"104","51226_44k.wav",2,14.65656703,16.20932338
"107","51226_44k.wav",3,64.85361088,66.40973547
"109","51236_44k.wav",1,23.47829368,24.84353882
"113","51236_44k.wav",2,7.176489968,8.533440788
"116","51236_44k.wav",3,43.26154111,44.3845921
"119","51237_44k.wav",1,23.9134392,25.59706843
"122","51237_44k.wav",2,7.485919535,9.124676631
"125","51237_44k.wav",3,43.30709699,44.9780643
"128","51239_44k.wav",1,27.55130111,29.38000382
"131","51239_44k.wav",2,12.3169841,14.12810314
"134","51239_44k.wav",3,20.13802673,21.96513092
"137","62228_44k.wav",1,85.93121597,87.43762889
"140","62228_44k.wav",3,73.99785225,75.54991405
"143","62228_44k.wav",4,14.65110597,16.27077785
"146","111134_44k.wav",1,84.0571503,85.35761913
"149","111134_44k.wav",2,49.36759811,50.6699794
"152","111134_44k.wav",3,73.72535038,75.25302973
"155","118756_44k.wav",1,60.98742766,62.91360382
"158","118756_44k.wav",2,82.16735261,84.17139334
"161","118756_44k.wav",3,71.24178933,73.20336033
"164","130940_44k.wav",1,336.9155091,338.6516036
"167","130940_44k.wav",3,8.67060199,10.16212762
"170","130940_44k.wav",4,449.7537485,451.5208447
"173","195071_44k.wav",1,510.1647617,511.9178832
"176","195071_44k.wav",2,384.3829784,385.9421271
"179","195071_44k.wav",4,311.3555867,312.9610093
"182","195075_44k.wav",1,52.79823367,54.21738745
"185","195075_44k.wav",2,24.11862099,25.70473404
"188","195075_44k.wav",3,61.78788032,63.44008142
"191","195218_44k.wav",1,44.02488455,45.40150581
"194","195218_44k.wav",2,97.68448403,99.07264122
"197","195218_44k.wav",3,69.06571432,70.45771682
"200","204812_44k.wav",1,26.73218045,28.2463488
"203","204812_44k.wav",2,15.3970773,16.8665862
"206","204812_44k.wav",3,44.83120746,46.30601655
"218","207265_44k.wav",1,131.4349329,132.4732927
"221","207265_44k.wav",2,109.1983645,110.4053142
"224","207265_44k.wav",3,119.9845439,121.3773255
"245","516711_44k.wav",1,76.53927277,78.1659316
"248","516711_44k.wav",2,66.42344305,68.01164124
"251","516711_44k.wav",3,44.41135929,45.76653124
"254","SRE01M01_1.wav",1,86.02478031,87.69543673
"257","SRE01M01_1.wav",3,26.51355592,28.3591388
"260","SRE01M01_1.wav",6,12.40408357,14.12038809
"269","SRE01M04_1.wav",1,6.752614605,8.538593615
"281","SRE01M04_3.wav",2,46.00657608,47.57348617
"284","SRE01M04_3.wav",3,55.43584499,56.75248472
"287","SRE01M05.wav",1,39.02314426,40.46696662
"290","SRE01M05.wav",2,60.92887939,62.35951616
"293","SRE01M05.wav",3,88.25753778,89.71454574
"296","SRE01M06.wav",4,120.7921924,122.2753967
"299","SRE01M06.wav",3,105.3439955,106.6639442
"302","SRE01M06.wav",1,152.4641139,153.8693809
"305","SRE02M01_1.wav",1,78.93201842,80.82280826
"308","SRE02M01_1.wav",2,29.89580472,31.49868425
"311","SRE02M01_1.wav",3,48.02104874,49.98770887
"314","SRE02M02.wav",1,9.816071341,11.49445709
"317","SRE02M02.wav",3,45.94938745,47.81650973
"320","SRE02M02.wav",4,34.03855203,35.66341838
"323","SRE04M01_2.wav",1,61.96244713,63.5267697
"326","SRE04M01_2.wav",4,192.8793605,194.6580778
"329","SRE04M01_2.wav",5,204.5594897,206.1247609
"332","SRE06M01_2.wav",1,48.6546715,50.29639743
"335","SRE06M01_2.wav",2,17.12978329,18.96662096
"338","SRE06M01_2.wav",4,6.830317966,8.653219079
"341","SRE06M05.wav",1,108.4776308,110.7478696
"344","SRE06M05.wav",2,87.44305376,90.8488956
"347","SRE06M05.wav",3,74.6349542,76.2691798
"350","SRE06M06.wav",1,17.77538031,19.306328
"353","SRE06M06.wav",2,29.040847,30.56866391
"356","SRE06M06.wav",3,104.0696879,105.6680895
"359","SRE06M07_1.wav",3,27.12109249,28.36916753
"362","SRE06M07_1.wav",2,55.65893747,56.92396252
"365","SRE06M07_1.wav",1,39.08129452,40.33372672
"368","SRE07M01_2.wav",1,111.3768368,112.7945301
"371","SRE07M01_2.wav",3,19.51483256,21.05428015
"374","SRE07M01_2.wav",4,155.5705984,156.9559172
"377","SRE07M02.wav",1,422.2587963,423.5455384
"380","SRE07M02.wav",2,250.7088861,251.8682015
"383","SRE07M02.wav",3,374.8864306,376.0023645
"386","SRE07M03.wav",1,107.7226346,109.2427798
"389","SRE07M03.wav",5,33.34037419,34.78469481
"392","SRE07M03.wav",7,41.95890877,43.43530638
"395","SRE07M04.wav",1,23.17952372,24.49826719
"398","SRE07M04.wav",2,31.68101568,33.22108572
"401","SRE07M04.wav",3,11.97863706,13.29211205
"404","SRE07M06.wav",1,80.09687761,81.45392459
"407","SRE07M06.wav",2,34.74110345,35.97734506
"410","SRE07M06.wav",3,22.52002087,23.89116181
"413","SRE07M07_2.wav",1,42.45830395,44.04575704
"416","SRE07M07_2.wav",2,20.81302735,22.41605608
"419","SRE07M07_2.wav",4,32.22248006,33.73720637
"422","SRE07M08.wav",1,44.12495305,45.53032217
"425","SRE07M08.wav",2,60.31274104,61.95368064
"428","SRE07M08.wav",3,103.750713,105.1379613
"431","SRE07M09_1.wav",1,8.535836938,9.897114548
"434","SRE07M09_1.wav",2,110.3788399,111.3252847
"437","SRE07M09_2.wav",1,21.75608958,23.517784
"440","SRE07M10.wav",1,165.2713072,167.1361885
"443","SRE07M10.wav",2,41.88350313,43.76026101
"446","SRE07M10.wav",3,122.5510015,124.475442
"449","SRE08M01.wav",1,107.8393834,109.5121227
"452","SRE08M01.wav",3,78.28092246,79.70000137
"455","SRE08M01.wav",5,26.61261996,28.36872639
"458","SRE08M04_1.wav",1,151.5773654,152.4934795
"461","SRE08M04_1.wav",2,216.4097224,217.6510103
"464","SRE08M04_2.wav",1,73.11233028,74.29808931
"467","SRE08M05.wav",1,90.32763071,91.96176036
"470","SRE08M05.wav",2,56.95671952,58.60992967
"473","SRE08M05.wav",4,39.29750646,40.93203626
"476","SRE08M08.wav",1,1.201965474,2.408936001
"479","SRE08M08.wav",6,22.14366503,23.71811949
"482","SRE08M08.wav",7,35.77298206,37.4546794
"494","SRE08M12_1.wav",1,192.5561906,194.172107
"497","SRE08M12_1.wav",2,142.3235385,143.9224153
"500","SRE08M12_2.wav",1,189.8461104,191.1847945
"512","SRE09M03.wav",1,30.86202806,32.274048
"515","SRE09M03.wav",3,79.71167144,81.09792289
"518","SRE09M03.wav",4,58.94207828,60.37383652
"521","SRE10M03.WAV.wav",3,16.1737822,18.03012626
"524","SRE10M03.WAV.wav",5,32.46635984,34.21101957
"527","SRE10M03.WAV.wav",6,59.91218191,61.51207107
"530","SRE10M04_1.WAV.wav",1,201.3673326,202.940796
"533","SRE10M04_1.WAV.wav",2,116.5997905,117.9334803
"536","SRE10M04_1.WAV.wav",4,71.65735506,73.37718725
"539","SRE17M03_1.WAV.wav",1,27.21502587,28.4711748
"542","SRE17M03_1.WAV.wav",2,35.4074273,36.81215299
"545","SRE17M03_2.WAV.wav",1,1.476758378,2.792642085
"557","SRE17M05.WAV.wav",1,36.14647162,37.53269567
"560","SRE17M05.WAV.wav",2,59.57447719,60.91295921
"563","SRE17M05.WAV.wav",3,123.3320795,124.9593118
"566","SRE17M07.WAV.wav",1,36.50316458,37.81016092
"569","SRE17M07.WAV.wav",2,25.21087092,26.49505186
"572","SRE17M07.WAV.wav",3,49.56723341,50.84489566
"575","SRE17M08_1.WAV.wav",1,109.7317024,111.1341653
"578","SRE17M08_2.WAV.wav",1,17.96351583,19.32834643
"581","SRE17M08_2.WAV.wav",2,31.76661421,33.40584448
"584","SRE17M09.WAV.wav",1,165.7725163,167.0221083
"587","SRE17M09.WAV.wav",3,175.8989772,177.124722
"590","SRE17M09.WAV.wav",5,25.91275156,27.18857549
"602","SRE18M02.WAV.wav",1,263.4595598,264.8335964
"605","SRE18M02.WAV.wav",2,232.3865122,233.6260978
"608","SRE18M02.WAV.wav",4,75.45504323,76.69462889
"611","SRE18M03.WAV.wav",1,18.66325942,19.91517428
"614","SRE18M03.WAV.wav",2,313.8574408,315.4702574
"617","SRE18M03.WAV.wav",3,261.2907364,262.8895285
"620","SRE18M04.WAV.wav",1,42.07276597,43.05378412
"623","SRE18M04.WAV.wav",2,396.2519761,397.3601344
"626","SRE18M04.WAV.wav",3,87.94828935,88.83523727
"629","SRE19M01_2.WAV.wav",1,106.7045655,108.0921761
"632","SRE19M01_2.WAV.wav",2,130.5823389,132.1982681
"635","SRE19M01_2.WAV.wav",3,181.4645432,183.2503839
"638","SRE19M02_1.WAV.wav",1,1.625142951,3.208098527
"641","SRE19M02_2.WAV.wav",4,41.1491875,42.68443564
"643","SRE19M02_2.WAV.wav",6,62.8700455,64.42019896
"645","SRE19M03_1.WAV.wav",2,10.18827478,11.60420399
"648","SRE19M03_1.WAV.wav",10,211.7108559,213.1657231
"651","SRE19M03_1.WAV.wav",11,220.9398354,222.1522248
"654","SRE19M04.WAV.wav",3,27.10727788,28.34621593
"657","SRE19M04.WAV.wav",5,49.98547334,51.5022875
"660","SRE19M04.WAV.wav",10,137.3039461,138.726955
"663","SRE20M01.WAV.wav",8,72.58374495,73.84507411
"666","SRE20M01.WAV.wav",15,141.3684076,142.5482933
"669","SRE20M01.WAV.wav",27,262.3843894,263.3729723
"672","SRE20M02_2.WAV.wav",1,16.40046069,17.68541644
"674","SRE20M02_2.WAV.wav",6,119.7781981,120.8801001
"676","SRE20M02_2.WAV.wav",8,61.50832942,62.50622537
"678","SRE20M03_2.WAV.wav",3,41.98345838,43.72449213
"681","SRE20M03_2.WAV.wav",7,83.59259008,85.30896615
"684","SRE20M03_2.WAV.wav",20,350.032877,351.4912841
"687","SRE20M04.WAV.wav",9,95.94179382,97.51878497
"690","SRE20M04.WAV.wav",13,152.5128079,153.9057283
"693","SRE20M04.WAV.wav",14,161.4713638,162.7775585
"696","SRE20M05.WAV.wav",5,76.92352879,78.20809255
"698","SRE20M05.WAV.wav",8,114.0568581,115.3651083
"700","SRE20M05.WAV.wav",9,133.8379513,135.1190029
"709","SRE21M01_1.WAV.wav",1,181.0191136,182.5316179
"710","SRE21M01_1.WAV.wav",2,393.5257555,395.0075641
"717","SRE21M01_2.WAV.wav",1,76.07479904,77.53409198
"729","SRE21M03_1.WAV.wav",1,11.53421375,12.69052265
"732","SRE21M03_2.WAV.wav",1,59.53446141,60.8122771
"735","SRE21M03_2.WAV.wav",2,48.00395929,49.20557597
"738","SRE21M04_1.WAV.wav",1,11.37233532,12.9604864
"741","SRE21M04_2.WAV.wav",1,142.6183219,144.1426457
"744","SRE21M04_2.WAV.wav",2,204.0476595,205.3974309
"747","SRE21M05.WAV.wav",1,63.86144379,65.64481954
"750","SRE21M05.WAV.wav",2,107.3589749,109.245977
"753","SRE21M05.WAV.wav",3,117.7362095,119.5112283
"756","SRE21M06.WAV.wav",1,12.08095467,13.58385207
"759","SRE21M06.WAV.wav",2,34.96321763,36.02508072
"762","SRE21M06.WAV.wav",3,44.89683403,45.96177052
"765","SRE22M01_1.WAV.wav",1,1.770093534,3.283456127
"768","SRE22M01_2.WAV.wav",1,36.5418005,38.0141911
"771","SRE22M01_2.WAV.wav",2,69.36337426,70.85640585
"774","SRE22M02.WAV.wav",1,62.0336784,63.30699957
"777","SRE22M02.WAV.wav",2,81.38190465,82.97719833
"780","SRE22M02.WAV.wav",3,91.54025511,93.15740213
"783","SRE22M03.WAV.wav",1,114.9848604,116.6750054
"786","SRE22M03.WAV.wav",2,105.2547385,106.8348436
"789","SRE22M03.WAV.wav",3,68.56230203,69.89481718
"792","SRE22M04.WAV.wav",1,1.619334049,3.024710182
"795","SRE22M04.WAV.wav",2,40.62854839,41.97616934
"798","SRE22M04.WAV.wav",3,170.155062,171.5139131
"801","SRE24M01.WAV.wav",1,12.02646832,13.49497398
"804","SRE24M01.WAV.wav",2,1.777577273,3.214970517
"807","SRE24M01.WAV.wav",3,80.72495376,82.05708594
"810","SRE24M02_1.WAV.wav",1,144.7018697,145.6521601
"813","SRE24M02_3.WAV.wav",1,84.06334409,85.12586212
"816","SRE24M02_3.WAV.wav",2,57.3523935,58.40374541
"819","SRE24M03_2.WAV.wav",1,322.6013505,323.6450719
"822","SRE24M03_2.WAV.wav",2,107.9163465,109.0037851
"825","SRE24M03_2.WAV.wav",3,239.6200629,240.6689768
"828","SRE25M01.WAV.wav",1,110.248667,111.4274863
"831","SRE25M01.WAV.wav",3,120.5621969,121.7119961
"834","SRE25M01.WAV.wav",4,144.3428684,145.5185282
"837","SRE25M02_1.WAV.wav",1,264.2461308,265.6514756
"849","SRE25M02_2.WAV.wav",1,55.87316018,57.03531969
"852","SRE25M02_2.WAV.wav",2,70.94519019,72.36055763
"855","SRE25M03_1.WAV.wav",1,57.05115013,58.54651595
"858","SRE25M03_1.WAV.wav",2,180.181738,181.649857
"861","SRE25M03_1.WAV.wav",4,148.4360256,149.909824
"864","SRE25M04.WAV.wav",1,133.8126326,134.9235472
"867","SRE25M04.WAV.wav",2,588.6286032,589.7271054
"870","SRE25M04.WAV.wav",3,217.58501,218.7021308
"873","SRE26M01.WAV.wav",1,150.8460745,152.6033892
"876","SRE26M01.WAV.wav",26,204.8187974,206.4868776
"879","SRE26M01.WAV.wav",37,164.0465767,165.8687243
"882","SRE26M02.WAV.wav",1,259.2871669,262.081964
"885","SRE26M02.WAV.wav",5,276.6748844,278.3758342
"888","SRE26M02.WAV.wav",9,161.6199738,163.3436661
"891","SRE26M04_3.WAV.wav",1,1.65204935,3.392567001
"894","SRE26M04_3.WAV.wav",2,27.23013835,28.82532999
"897","SRE26M04_3.WAV.wav",3,50.35856836,51.95376001
"900","SRE26M05.WAV.wav",1,31.05347029,32.09663458
"903","SRE26M05.WAV.wav",2,113.6776591,115.041622
"906","SRE26M05.WAV.wav",3,47.057744,48.38477335
"909","SRE28M01_1.WAV.wav",1,49.03723346,50.36810594
"912","SRE28M01_1.WAV.wav",2,10.80416423,12.11140702
"915","SRE28M01_1.WAV.wav",3,38.66322839,39.99381481
"918","SRE28M02.WAV.wav",1,64.38563878,65.77651987
"921","SRE28M02.WAV.wav",2,155.2584435,156.7295776
"924","SRE28M02.WAV.wav",3,132.8621952,134.3823672
"927","SRE28M03.WAV.wav",1,21.01961065,22.52654184
"930","SRE28M03.WAV.wav",2,31.74974142,33.25157588
"933","SRE28M03.WAV.wav",3,60.61066886,61.78631304
"945","SRE29M01.WAV.wav",1,157.7979469,159.1599768
"948","SRE29M01.WAV.wav",2,139.7571501,141.3088071
"951","SRE29M01.WAV.wav",3,128.8520094,130.1117783
"954","SRE29M02.WAV.wav",1,67.89024829,69.25436234
"957","SRE29M02.WAV.wav",4,40.31893464,41.72632898
"960","SRE29M02.WAV.wav",6,15.10975877,16.50574745
"963","SRE29M05.WAV.wav",1,35.68451955,37.04622714
"966","SRE29M05.WAV.wav",2,127.9152379,129.4292354
"969","SRE29M05.WAV.wav",3,88.91919206,90.39001713
"972","SRE29M06.WAV.wav",1,56.66850579,58.10513615
"975","SRE29M06.WAV.wav",2,65.63616652,66.75285111
"978","SRE29M06.WAV.wav",4,75.26375098,76.52018441
"990","SRE29M09_2.WAV.wav",1,36.18380533,37.28757984
"993","SRE29M09_2.WAV.wav",2,64.03944137,65.3673219
"996","SRE29M09_2.WAV.wav",3,103.7320168,104.9094109
"999","SRE30M01.WAV.wav",1,38.61707597,39.92009569
"1002","SRE30M01.WAV.wav",2,48.71110222,49.82702735
"1005","SRE30M01.WAV.wav",3,72.97707277,74.23248853
"1008","SRE30M02.WAV.wav",1,30.92059452,32.2715216
"1011","SRE30M02.WAV.wav",2,97.09207403,98.58012635
"1014","SRE30M02.WAV.wav",3,126.455105,127.7933645
"1017","SRE30M03_1.WAV.wav",1,27.82725324,29.21584533
"1020","SRE30M03_1.WAV.wav",2,67.13715554,68.77766035
"1023","SRE30M03_2.WAV.wav",1,50.54080589,51.96801425
"1026","SRE31M01.WAV.wav",1,16.82383891,18.13140269
"1029","SRE31M01.WAV.wav",2,72.87930597,74.17644535
"1032","SRE31M01.WAV.wav",3,150.7588505,152.245637
"1035","SRE31M02_1.WAV.wav",1,22.28944985,23.65336109
"1038","SRE31M02_1.WAV.wav",2,69.17639738,70.67159217
"1041","SRE31M02_2.WAV.wav",1,22.72161267,24.19137099
"1053","SRF02M02.WAV.wav",1,10.58507616,11.9119948
"1056","SRF02M02.WAV.wav",2,52.13746333,53.51405388
"1059","SRF02M02.WAV.wav",3,81.4655585,82.58463759
"1062","SRF05M01.WAV.wav",1,78.4537789,79.20213401
"1065","SRF05M01.WAV.wav",2,139.0795971,140.142508
"1068","SRF05M01.WAV.wav",3,88.44064035,89.77493284
"1071","SRF05M02.WAV.wav",1,21.86029135,22.69918458
"1074","SRF05M02.WAV.wav",2,76.14468314,77.567636
"1077","SRF05M02.WAV.wav",3,66.71819893,67.85624465
"1089","SRF06M03.WAV.wav",1,23.52404845,25.00100548
"1092","SRF06M03.WAV.wav",3,67.56655707,69.21749036
"1095","SRF06M03.WAV.wav",6,7.464385703,9.096739522
"1098","SRF06M04.WAV.wav",1,13.07340149,14.64387129
"1101","SRF06M04.WAV.wav",2,114.5085714,115.8918424
"1104","SRF06M04.WAV.wav",3,163.1822266,164.6801225
"1125","SRF07M01.WAV.wav",1,61.63216142,63.02947686
"1128","SRF07M01.WAV.wav",2,102.9041292,104.3276192
"1131","SRF07M01.WAV.wav",3,187.9606397,189.5170156
"1134","SRF07M02.WAV.wav",1,12.83813911,14.20323978
"1137","SRF07M02.WAV.wav",2,127.2698281,128.8624455
"1140","SRF07M02.WAV.wav",3,181.8890695,183.2614409
"1188","SRF08M05.WAV.wav",1,1.660847552,2.832855002
"1191","SRF08M05.WAV.wav",2,101.1220402,102.5331792
"1194","SRF08M05.WAV.wav",3,240.4407201,241.5549155
"1206","SRF08M08.WAV.wav",1,98.45686717,100.1090144
"1209","SRF08M08.WAV.wav",2,148.3347905,149.9579527
"1212","SRF08M08.WAV.wav",3,202.8106566,204.4940185
"1215","SRF08M09.WAV.wav",1,64.46774364,65.50363595
"1218","SRF08M09.WAV.wav",2,77.57959159,78.67128613
"1221","SRF08M09.WAV.wav",3,138.8355681,139.7202871
"1224","SRF08M10.WAV.wav",1,58.55752088,60.09071641
"1227","SRF08M10.WAV.wav",2,193.7246406,195.2425297
"1230","SRF08M10.WAV.wav",3,227.4737703,228.8028799
"1251","SRF10M02_2.WAV.wav",1,62.77668201,64.12602105
"1254","SRF10M02_2.WAV.wav",2,35.9909973,37.49170451
"1257","SRF10M02_2.WAV.wav",4,70.95810004,72.30743908
"1260","SRF10M03.WAV.wav",1,157.1310065,158.5662714
"1263","SRF10M03.WAV.wav",2,173.9385265,175.524443
"1266","SRF10M03.WAV.wav",3,214.4514248,215.9713616
"1269","SRF10M04_1.WAV.wav",1,193.7046242,195.060128
"1272","SRF10M04_1.WAV.wav",2,256.7617142,258.0574804
"1275","SRF10M04_1.WAV.wav",3,142.7285036,144.0576014
"1287","SRF10M05_2.WAV.wav",1,1.616679475,2.909413044
"1290","SRF10M05_2.WAV.wav",2,19.90643408,21.16871782
"1293","SRF10M05_2.WAV.wav",3,35.64095261,36.97520867
"1296","SRF10M06.WAV.wav",1,156.3766889,158.0694704
"1299","SRF10M06.WAV.wav",3,76.8670065,78.69739163
"1302","SRF10M06.WAV.wav",5,179.3504858,181.0450128
"1305","SRF10M09.WAV.wav",1,118.9056073,120.2759487
"1308","SRF10M09.WAV.wav",3,286.0697841,287.3522777
"1311","SRF10M09.WAV.wav",4,297.1700365,298.2891138
"1314","SRF11M01.WAV.wav",1,1.802328409,3.627822993
"1317","SRF11M01.WAV.wav",2,25.64758453,27.57037705
"1320","SRF11M01.WAV.wav",3,65.26206046,66.65666419
"1332","SRF11M03.WAV.wav",1,18.59480717,19.72505923
"1335","SRF11M03.WAV.wav",2,43.85932269,45.02317684
"1338","SRF11M03.WAV.wav",3,33.74638009,34.99576683
"1350","SRF12M02.WAV.wav",1,220.3438261,221.9069204
"1353","SRF12M02.WAV.wav",2,94.98053008,96.43046396
"1356","SRF12M02.WAV.wav",3,113.1542939,114.6592436
"1377","SRF12M04_2.WAV.wav",1,163.9713586,165.5408728
"1380","SRF12M04_2.WAV.wav",2,342.0548041,343.5917245
"1383","SRF12M04_2.WAV.wav",3,249.9732528,251.5126805
"1395","SRF13M01_1.WAV.wav",3,32.94853718,34.06684161
"1398","SRF13M01_1.WAV.wav",2,63.76753021,65.09275498
"1401","SRF13M01_1.WAV.wav",1,53.32131797,54.68557253
"1404","SRF13M02_1.WAV.wav",5,306.4276006,307.9913115
"1407","SRF13M02_1.WAV.wav",1,30.64812724,31.90195477
"1410","SRF13M02_1.WAV.wav",3,185.1677015,186.7374919
"1422","SRF13M03.WAV.wav",1,33.66908885,34.9814841
"1425","SRF13M03.WAV.wav",4,2.199944566,3.553139667
"1428","SRF13M03.WAV.wav",5,61.25421444,62.82500876
"1431","SRF13M04.WAV.wav",1,43.22712549,44.66083669
"1434","SRF13M04.WAV.wav",2,25.82898081,27.27735163
"1437","SRF13M04.WAV.wav",3,34.84688201,36.06266139
"1440","SRF14M01.WAV.wav",1,234.5610272,236.0051327
"1443","SRF14M01.WAV.wav",2,196.3706679,197.5317351
"1446","SRF14M01.WAV.wav",3,64.9011176,66.3014039
"1458","SRF14M03.WAV.wav",1,54.39763333,55.63029738
"1461","SRF14M03.WAV.wav",2,68.12948182,69.42335692
"1464","SRF14M03.WAV.wav",3,79.33513886,80.61634961
"1467","SRF14M04.WAV.wav",1,61.83947416,63.01732651
"1470","SRF14M04.WAV.wav",2,74.01512018,75.3580732
"1473","SRF14M04.WAV.wav",3,84.79771827,86.07624176
"1476","SRF14M05.WAV.wav",1,15.34211091,16.48573103
"1479","SRF14M05.WAV.wav",2,50.95315575,51.88331736
"1482","SRF14M05.WAV.wav",3,98.80579128,99.69067382
"1485","SRF14M06.WAV.wav",1,1.709475498,3.420884894
"1488","SRF14M06.WAV.wav",2,10.09871283,11.75374639
"1491","SRF14M06.WAV.wav",3,99.57495846,101.2400591
"1503","SRF16M02.WAV.wav",1,52.84890505,53.83548223
"1506","SRF16M02.WAV.wav",2,90.36105369,91.14628859
"1509","SRF16M03.WAV.wav",1,269.5722076,270.9370972
"1512","SRF16M03.WAV.wav",2,259.9083721,261.0026369
"1515","SRF16M03.WAV.wav",3,161.2705776,162.4592995
"1518","SRF16M04.WAV.wav",1,170.549824,171.9692871
"1521","SRF16M04.WAV.wav",2,394.0198999,395.6449099
"1524","SRF16M04.WAV.wav",3,543.1585618,544.8068402
"1527","SRF17M01_2.WAV.wav",1,81.01075906,82.57712783
"1530","SRF17M01_2.WAV.wav",2,91.92253771,93.49465252
"1533","SRF17M01_2.WAV.wav",3,205.6580469,207.2692347
"1536","SRF17M02_3.WAV.wav",1,13.54183241,15.11075111
"1539","SRF17M02_3.WAV.wav",2,25.60106579,27.04491428
"1542","SRF17M02_2.WAV.wav",1,1.779639161,2.960260579
"1563","SRF17M04_2.WAV.wav",1,22.13340511,23.43321757
"1566","SRF17M04_2.WAV.wav",2,76.73369861,77.80826745
"1569","SRF17M03_2 + SRF17M04_1.WAV.wav",1,98.79248229,100.1802225
"1572","SRF17M05_1.WAV.wav",1,93.99169322,95.46287283
"1575","SRF17M05_1.WAV.wav",2,107.6581524,109.1080985
"1578","SRF17M05_2.WAV.wav",1,86.49336534,87.91637515
"1590","SRF18M01_1.WAV.wav",1,64.34611238,65.3881876
"1593","SRF18M01_3.WAV.wav",1,1.828301956,2.683310087
"1596","SRF18M01_3.WAV.wav",2,60.74777681,61.62847072
"1599","SRF18M02 +SRF18M03.WAV.wav",1,24.06727094,25.72277351
"1602","SRF18M02 +SRF18M03.WAV.wav",2,80.06737133,81.61619473
"1605","SRF18M02 +SRF18M03.WAV.wav",3,205.5432487,207.113803
"1608","SRF18M04.WAV.wav",1,331.7336659,332.9229966
"1611","SRF18M04.WAV.wav",2,284.8758838,286.0563521
"1614","SRF18M04.WAV.wav",3,419.6708523,420.830038
"1617","SRF18M05.WAV.wav",1,100.7658719,102.0954894
"1620","SRF18M05.WAV.wav",2,90.12660582,91.29478065
"1623","SRF18M05.WAV.wav",3,141.8892431,142.9084958
"1626","SRF18M06.WAV.wav",1,49.9624496,51.18257398
"1629","SRF18M06.WAV.wav",2,131.096676,132.2596828
"1632","SRF18M06.WAV.wav",3,195.1146668,196.2835179
"1644","SRF22M01_2.WAV.wav",1,61.83376796,63.41242385
"1647","SRF22M01_2.WAV.wav",4,72.39375297,74.20616816
"1650","SRF22M01_2.WAV.wav",5,149.4256805,151.0519165
"1665","SRF22M03_3.WAV.wav",1,31.52303183,33.07609801
"1668","SRF22M03_3.WAV.wav",4,124.1422074,125.6630762
"1680","SRF23M01_2.WAV.wav",1,37.6865975,39.26940617
"1683","SRF23M01_1.WAV.wav",1,1.60547867,2.570824744
"1686","SRF23M01_1.WAV.wav",2,33.02201543,34.06161158
"1689","SRF23M02.WAV.wav",1,111.7327545,113.3542444
"1692","SRF23M02.WAV.wav",2,299.2308453,301.2371612
"1695","SRF23M02.WAV.wav",3,1.546618469,3.125698247
"1698","SRF23M03_1.WAV.wav",1,158.7634055,160.3377357
"1701","SRF23M03_1.WAV.wav",3,178.0558334,179.3378031
"1704","SRF23M03_1.WAV.wav",4,73.1624177,74.60725406
"1716","SRF23M07_2.WAV.wav",1,128.1072323,129.621699
"1719","SRF23M07_2.WAV.wav",2,116.335973,117.8785158
"1722","SRF23M07_1.WAV.wav",1,1.683825051,3.082288674
"1725","SRF24M01_2.WAV.wav",1,23.68453595,25.33459604
"1728","SRF24M01_2.WAV.wav",3,56.53790596,58.16177462
"1731","SRF24M01_2.WAV.wav",4,187.0176165,188.7125761
"1734","SRF24M02_1.WAV.wav",1,55.44660292,57.10022308
"1737","SRF24M02_1.WAV.wav",2,214.8281658,216.4324855
"1740","SRF24M02_1.WAV.wav",3,1.486180979,3.053525304
"1743","SRF24M03_1.WAV.wav",1,21.70337217,23.01435867
"1746","SRF24M03_1.WAV.wav",2,1.538009029,3.115706404
"1749","SRF24M03_1.WAV.wav",3,107.3655241,108.9288601
"1779","SRF25M01_1.WAV.wav",1,44.57741946,45.65077341
"1782","SRF25M01_1.WAV.wav",2,210.4458648,212.1831184
"1785","SRF25M01_1.WAV.wav",3,198.5263626,199.983336
"1797","SRF25M02_3.WAV.wav",10,177.9709202,179.4644427
"1800","SRF25M02_3.WAV.wav",11,150.8456682,151.9495514
"1803","SRF25M02_3.WAV.wav",16,196.039405,197.2841602
"1806","SRF27M01.WAV.wav",1,450.5616184,452.0481534
"1808","SRF27M01.WAV.wav",2,378.1672324,379.6283115
"1810","SRF27M01.WAV.wav",3,467.901535,469.3468072
"1812","SRF27M05_2.WAV.wav",1,80.29203203,81.80389622
"1815","SRF27M05_2.WAV.wav",2,178.6378829,180.4089877
"1818","SRF27M05_2.WAV.wav",3,193.3921561,195.0818931
"1830","SRF28M01_2.WAV.wav",1,32.89202116,34.41489637
"1832","SRF28M01_2.WAV.wav",2,76.72021449,78.50176254
"1834","SRF28M01_2.WAV.wav",3,41.75846577,43.29319438
"1836","SRF28M02_2.WAV.wav",1,175.6784852,176.8978865
"1839","SRF28M02_2.WAV.wav",2,99.22510978,100.6497178
"1842","SRF28M02_2.WAV.wav",3,189.4334459,190.7436117
"1845","SRF28M04.WAV.wav",2,1.577451182,3.130399208
"1848","SRF28M04.WAV.wav",3,73.99120215,75.92654897
"1851","SRF28M04.WAV.wav",4,109.2667392,111.1387939
"1863","SRF29M02.WAV.wav",1,142.7016678,144.1572015
"1866","SRF29M02.WAV.wav",2,121.3507268,122.5364848
"1869","SRF29M02.WAV.wav",3,132.5283027,133.9744256
"1872","SRF29M04.WAV.wav",1,102.5771903,103.2725718
"1875","SRF29M04.WAV.wav",2,137.8716438,138.8370974
"1878","SRF29M04.WAV.wav",3,116.5617636,117.2687383
"1890","SRG02M01.WAV.wav",1,267.4324406,268.6401466
"1893","SRG02M01.WAV.wav",2,54.11796967,55.29610616
"1896","SRG02M01.WAV.wav",3,241.0578815,242.5171929
"1899","SRG02M02.WAV.wav",1,51.4131987,52.75988645
"1902","SRG02M02.WAV.wav",3,42.84414349,44.18170115
"1905","SRG02M02.WAV.wav",4,30.98555026,32.34208716
"1908","SRG02M03.WAV.wav",1,102.5194053,103.8654083
"1911","SRG02M03.WAV.wav",2,438.126116,439.8551713
"1914","SRG02M03.WAV.wav",3,457.6512346,459.353689
"1926","SRG04M01_1.WAV.wav",1,196.2964839,197.8138504
"1929","SRG04M01_1.WAV.wav",2,17.8001715,19.44398516
"1932","SRG04M01_1.WAV.wav",3,114.1637688,115.9761788
"1935","SRG04M02_3.WAV.wav",1,25.24233705,26.72916919
"1938","SRG04M02_1.WAV.wav",1,124.0524881,125.461017
"1941","SRG04M02_1.WAV.wav",2,19.94982315,21.42902287
"1944","SRG04M03_2.WAV.wav",1,142.472048,144.186533
"1947","SRG04M03_1.WAV.wav",1,14.71159567,16.39836077
"1950","SRG04M03_1.WAV.wav",2,27.72309882,29.41550527
"1953","XC107827 - Townsend's Warbler - Setophaga townsendi.wav",1,1.446224558,2.661636723
"1956","XC107827 - Townsend's Warbler - Setophaga townsendi.wav",2,9.92830539,10.93241274
"1959","XC107827 - Townsend's Warbler - Setophaga townsendi.wav",3,16.95273946,18.13539119
"1962","XC134887 - Townsend's Warbler - Setophaga townsendi.wav",1,3.342991769,5.125990125
"1965","XC134887 - Townsend's Warbler - Setophaga townsendi.wav",2,11.68260394,13.54312396
"1968","XC134887 - Townsend's Warbler - Setophaga townsendi.wav",3,20.7067383,22.52154042
"1971","XC137649 - Townsend's Warbler - Setophaga townsendi.wav",1,1.111913801,2.743500894
"1974","XC137649 - Townsend's Warbler - Setophaga townsendi.wav",2,11.6768596,12.8380256
"1977","XC137649 - Townsend's Warbler - Setophaga townsendi.wav",3,23.56417586,25.19179316
"1980","XC150351 - Townsend's Warbler - Setophaga townsendi.wav",1,96.71019634,98.7029087
"1983","XC150351 - Townsend's Warbler - Setophaga townsendi.wav",2,14.92841165,16.51406795
"1986","XC150351 - Townsend's Warbler - Setophaga townsendi.wav",3,167.3225806,169.1184162
"1989","XC150356 - Townsend's Warbler - Setophaga townsendi.wav",1,3.309682861,4.878868018
"1992","XC150356 - Townsend's Warbler - Setophaga townsendi.wav",3,22.53332011,23.59706247
"1995","XC150356 - Townsend's Warbler - Setophaga townsendi.wav",5,43.2861004,44.82731484
"2025","XC156181 - Townsend's Warbler - Setophaga townsendi.wav",1,28.7592349,30.36112726
"2028","XC156181 - Townsend's Warbler - Setophaga townsendi.wav",2,1.385315638,2.935043255
"2031","XC156181 - Townsend's Warbler - Setophaga townsendi.wav",3,14.59208585,16.22006059
"2034","XC156184 - Townsend's Warbler - Setophaga townsendi.wav",1,19.97463304,21.66691493
"2037","XC156184 - Townsend's Warbler - Setophaga townsendi.wav",2,96.02539229,97.48310046
"2040","XC156184 - Townsend's Warbler - Setophaga townsendi.wav",3,80.13343238,81.81943105
"2043","XC156194 - Townsend's Warbler - Setophaga townsendi.wav",1,26.40105989,28.23598045
"2046","XC156194 - Townsend's Warbler - Setophaga townsendi.wav",2,40.77374086,42.64907818
"2049","XC156194 - Townsend's Warbler - Setophaga townsendi.wav",4,14.11578711,15.79851262
"2052","XC156219 - Townsend's Warbler - Setophaga townsendi.wav",1,0.804728631,2.45695684
"2055","XC156219 - Townsend's Warbler - Setophaga townsendi.wav",2,18.73760726,20.35125322
"2058","XC156219 - Townsend's Warbler - Setophaga townsendi.wav",4,9.807638714,11.45759738
"2061","XC156220 - Townsend's Warbler - Setophaga townsendi.wav",1,2.679006655,4.916177684
"2064","XC156220 - Townsend's Warbler - Setophaga townsendi.wav",2,65.47415263,66.83059047
"2067","XC156220 - Townsend's Warbler - Setophaga townsendi.wav",3,15.78692855,17.19229601
"2070","XC156550 - Townsend's Warbler - Setophaga townsendi.wav",1,0.936427755,2.450421868
"2073","XC156550 - Townsend's Warbler - Setophaga townsendi.wav",2,22.13350941,23.62196627
"2076","XC156550 - Townsend's Warbler - Setophaga townsendi.wav",4,4.647267531,6.13619728
"2079","XC157557 - Townsend's Warbler - Setophaga townsendi.wav",1,53.50639282,55.18220795
"2082","XC157557 - Townsend's Warbler - Setophaga townsendi.wav",2,37.24532003,38.92463738
"2085","XC157557 - Townsend's Warbler - Setophaga townsendi.wav",3,44.98121895,46.67104298
"2088","XC157603 - Townsend's Warbler - Setophaga townsendi.wav",1,40.44044211,42.1126312
"2091","XC157603 - Townsend's Warbler - Setophaga townsendi.wav",2,100.2756514,101.9703091
"2094","XC157603 - Townsend's Warbler - Setophaga townsendi.wav",3,64.82492594,66.40209683
"2097","XC157610 - Townsend's Warbler - Setophaga townsendi.wav",1,2.213339498,3.848280957
"2100","XC157610 - Townsend's Warbler - Setophaga townsendi.wav",2,31.20279777,32.86063757
"2103","XC157610 - Townsend's Warbler - Setophaga townsendi.wav",3,39.8156483,41.47806777
"2115","XC160215 - Townsend's Warbler - Setophaga townsendi.wav",1,23.50526797,25.24393244
"2118","XC160215 - Townsend's Warbler - Setophaga townsendi.wav",2,13.16584253,14.86447693
"2121","XC160215 - Townsend's Warbler - Setophaga townsendi.wav",3,0.470148355,2.672639238
"2124","XC160225 - Townsend's Warbler - Setophaga townsendi.wav",1,20.0104937,21.5480201
"2127","XC160225 - Townsend's Warbler - Setophaga townsendi.wav",2,9.997472974,11.50191732
"2130","XC160225 - Townsend's Warbler - Setophaga townsendi.wav",3,85.31094936,86.80200897
"2133","XC160229 - Townsend's Warbler - Setophaga townsendi.wav",1,10.47059569,12.27893587
"2136","XC160229 - Townsend's Warbler - Setophaga townsendi.wav",2,18.53064112,20.01693771
"2139","XC160229 - Townsend's Warbler - Setophaga townsendi.wav",3,2.259078507,4.157044246
"2142","XC160233 - Townsend's Warbler - Setophaga townsendi.wav",1,26.55087332,28.24929016
"2145","XC160233 - Townsend's Warbler - Setophaga townsendi.wav",2,0.13420575,2.766392147
"2148","XC160233 - Townsend's Warbler - Setophaga townsendi.wav",3,14.52279491,16.25255791
"2151","XC179100 - Townsend's Warbler - Setophaga townsendi.wav",1,1.260989016,3.139774222
"2154","XC179100 - Townsend's Warbler - Setophaga townsendi.wav",2,22.3187071,24.11603206
"2157","XC179100 - Townsend's Warbler - Setophaga townsendi.wav",3,11.23354596,13.08979961
"2160","XC182404 - Townsend's Warbler - Setophaga townsendi.wav",1,28.64474039,30.14635955
"2163","XC182404 - Townsend's Warbler - Setophaga townsendi.wav",3,42.57277953,44.1286132
"2166","XC182404 - Townsend's Warbler - Setophaga townsendi.wav",4,0.426496498,1.937231342
"2178","XC182424 - Townsend's Warbler - Setophaga townsendi.wav",1,47.07385457,48.80552747
"2181","XC182424 - Townsend's Warbler - Setophaga townsendi.wav",2,29.42250419,31.14917226
"2184","XC182424 - Townsend's Warbler - Setophaga townsendi.wav",3,0.213539626,1.960227031
"2196","XC187464 - Townsend's Warbler - Setophaga townsendi.wav",1,24.89060888,26.4617341
"2199","XC187464 - Townsend's Warbler - Setophaga townsendi.wav",2,115.0568678,116.588028
"2202","XC187464 - Townsend's Warbler - Setophaga townsendi.wav",3,13.29571523,14.86933826
"2205","XC187466 - Townsend's Warbler - Setophaga townsendi.wav",1,50.70913437,52.27718815
"2208","XC187466 - Townsend's Warbler - Setophaga townsendi.wav",2,37.62553187,39.22608417
"2211","XC187466 - Townsend's Warbler - Setophaga townsendi.wav",3,12.86201618,14.42736175
"2223","XC193985 - Townsend's Warbler - Setophaga townsendi.wav",1,1.346281795,2.846781989
"2226","XC193985 - Townsend's Warbler - Setophaga townsendi.wav",2,43.70895299,45.29346253
"2229","XC193985 - Townsend's Warbler - Setophaga townsendi.wav",3,32.22693483,33.74143658
"2232","XC269234 - Townsend's Warbler - Setophaga townsendi.wav",1,21.98100412,23.63219947
"2235","XC269234 - Townsend's Warbler - Setophaga townsendi.wav",2,0.872957541,2.611192645
"2238","XC269234 - Townsend's Warbler - Setophaga townsendi.wav",3,44.77217989,46.63841463
"2241","XC302557 - Townsend's Warbler - Setophaga townsendi.wav",1,21.38062825,22.77953325
"2244","XC302557 - Townsend's Warbler - Setophaga townsendi.wav",2,3.93975942,5.549421138
"2247","XC302557 - Townsend's Warbler - Setophaga townsendi.wav",3,36.71856173,38.1423261
"2250","XC322898 - Townsend's Warbler - Setophaga townsendi.wav",1,31.77732048,33.26467712
"2253","XC322898 - Townsend's Warbler - Setophaga townsendi.wav",2,17.48482514,19.00808349
"2256","XC322898 - Townsend's Warbler - Setophaga townsendi.wav",3,45.0687333,46.56292836
"2277","XC322903 - Townsend's Warbler - Setophaga townsendi.wav",1,20.02095802,21.57450483
"2280","XC322903 - Townsend's Warbler - Setophaga townsendi.wav",2,0.922869604,2.403037016
"2283","XC322903 - Townsend's Warbler - Setophaga townsendi.wav",3,33.26688361,34.60658187
"2286","XC322907 - Townsend's Warbler - Setophaga townsendi.wav",1,1.201892097,2.801610927
"2289","XC322907 - Townsend's Warbler - Setophaga townsendi.wav",2,18.7772003,20.39215455
"2292","XC322907 - Townsend's Warbler - Setophaga townsendi.wav",3,28.21287134,29.79354589
"2304","XC323056 - Townsend's Warbler - Setophaga townsendi.wav",1,33.23533519,34.56386502
"2307","XC323056 - Townsend's Warbler - Setophaga townsendi.wav",2,12.77146258,14.12577438
"2310","XC323056 - Townsend's Warbler - Setophaga townsendi.wav",3,1.379757007,2.737101982
"2322","XC76413 - Townsend's Warbler - Setophaga townsendi.wav",1,19.73092552,21.26899783
"2325","XC76413 - Townsend's Warbler - Setophaga townsendi.wav",2,0.440466471,1.971249337
"2328","XC76413 - Townsend's Warbler - Setophaga townsendi.wav",3,48.6477487,50.17488684
